Sample1,Sample2,Sample3,Sample4
7.848768419950959,7.768758231104906,7.8678092520214395,7.809563315966843
7.808452038543673,7.87094777179899,7.775675758511548,7.840188040325243
7.818583163422831,7.8302745265341755,7.841830779771519,7.806753493753871
7.816285897610661,7.799763314238887,7.832539916588395,7.8485339624098405
7.824445930877619,7.893412146005028,7.775675758511548,7.800358131447688
